{
  "project_info": {
    "project_number": "96525082576",
    "firebase_url": "https://shopping-list-56941.firebaseio.com",
    "project_id": "shopping-list-56941",
    "storage_bucket": "shopping-list-56941.appspot.com"
  },
  "client": [
    {
      "client_info": {
        "mobilesdk_app_id": "1:96525082576:android:140649b0e36909bf",
        "android_client_info": {
          "package_name": "com.example.mac.lab9_israel_quinonez"
        }
      },
      "oauth_client": [
        {
          "client_id": "96525082576-4i65srtpg4jbhl9pa5et1k90ulfiuvoa.apps.googleusercontent.com",
          "client_type": 1,
          "android_info": {
            "package_name": "com.example.mac.lab9_israel_quinonez",
            "certificate_hash": "88abd0b65a92fee81f4e43c9f1826ae981e40033"
          }
        },
        {
          "client_id": "96525082576-6a5kv9i2k9ll7o8jeeb42qmvosk5uj0m.apps.googleusercontent.com",
          "client_type": 3
        }
      ],
      "api_key": [
        {
          "current_key": "AIzaSyC5zmXSkChOr63k7aRG7I27sTwj_dz1O1g"
        }
      ],
      "services": {
        "analytics_service": {
          "status": 1
        },
        "appinvite_service": {
          "status": 2,
          "other_platform_oauth_client": [
            {
              "client_id": "96525082576-6a5kv9i2k9ll7o8jeeb42qmvosk5uj0m.apps.googleusercontent.com",
              "client_type": 3
            }
          ]
        },
        "ads_service": {
          "status": 2
        }
      }
    }
  ],
  "configuration_version": "1"
}